门,纲,目,科,属,种,缩写,序列号
Cyanobacteria,Cyanophyceae,Synechococcales,Synechococcaceae,Synechococcus,Synechococcus sp. PCC7002,SynspP7,CP000951.1
Cyanobacteria,Cyanophyceae,Nostocales,Aphanizomenonaceae,Chrysosporum,Chrysosporum ovalisporum,Chrov,GCA_001458455.1
Cyanobacteria,Cyanophyceae,Synechococcales,Pseudanabaenaceae,Limnothrix,Limnothrix sp.P13C2,LimspP,GCA_001698445.1
Cyanobacteria,OscillFtoriophycideFe,Oscillatoriales,Coleofasciculaceae,Roseofilum,Roseofilum reptotFenium,Rosre,GCA_001890975.1
Cyanobacteria,Cyanophyceae,Synechococcales,Pseudanabaenaceae,Limnothrix,Limnothrix sp.CACIAM69d,LimspC,GCA_001913845.2
Cyanobacteria,Cyanophyceae,Synechococcales,Leptolyngbyaceae,Alkalinema,Alkalinema sp.CACIAM70d,AlkspCA,GCA_002148405.1
Cyanobacteria,Oscillatoriophycideae,Oscillatoriales,Coleofasciculaceae,Geitlerinema,Geitlerinema sp.FCII,GeispF,GCA_002286845.1
Cyanobacteria,Oscillatoriophycideae,Chroococcales,Geminocystaceae,Cyanobacterium,Cyanobacterium sp.HL-69,CyaspHL,GCA_002813895.1
Cyanobacteria,Cyanophyceae,Synechococcales,Oculatellaceae,Shackletoniella,Shackletoniella antarctica,Shaan,GCA_003241845.1
Cyanobacteria,CyFnophyceFe,Synechococcales,Leptolyngbyaceae,Leptolyngbya,Leptolyngbya foveolarum,Lepfo,GCA_003242035.1
Cyanobacteria,Cyanophyceae,Synechococcales,Pseudanabaenaceae,Pseudanabaena,Pseudanabaena frigida,Psefo,GCA_003242085.1
Cyanobacteria,Cyanophyceae,Synechococcales,Prochlorococcaceae,Cyanobium,Cyanobium sp.,Cyasp,GCA_003248995.1
Cyanobacteria,Cyanophyceae,Synechococcales,Pseudanabaenaceae,Pseudanabaena,Pseudanabaena sp.,Psesp,GCA_003249015.1
Cyanobacteria,Cyanophyceae,Synechococcales,Leptolyngbyaceae,Leptolyngbya,Leptolyngbya sp.,Lepsp,GCA_003249025.1
Cyanobacteria,Cyanophyceae,Synechococcales,Coelosphaeriaceae,Snowella,Snowella sp.,Snosp,GCA_003249095.1
Cyanobacteria,Oscillatoriophycideae,Chroococcales,Microcystaceae,Microcystis,Microcystis flos-aquae,Micfl,GCA_003389435.1
Cyanobacteria,Oscillatoriophycideae,Oscillatoriales,Cyanothecaceae,Cyanothece,Cyanothece sp.UBA12306,CyaspUB,GCA_003448685.1
Cyanobacteria,Oscillatoriophycideae,Oscillatoriales,Microcoleaceae,Microcoleaceae,Microcoleaceae bacterium?UBA10368,Micba,GCA_003506815.1
Cyanobacteria,Deltaproteobacteria,Desulauromonadales,Geobacteraceae,,Geobacteraceae  bacterium,Geoba,GCA_003820085.1
Cyanobacteria,Cyanophyceae,Synechococcales,Merismopediaceae,Aphanocapsa,Aphanocapsa feldmannii,Aphfe,GCA_004768385.1
Cyanobacteria,Oscillatoriophycideae,Chroococcales,Microcystaceae,Microcystis,Microcystis novacekii,Micno,GCA_007096045.1
Cyanobacteria,Cyanophyceae,Spirulinales,Spirulinaceae,Spirulina,Spirulina?sp.DLM2.Bin59,SpispD,GCA_007693875.1
Cyanobacteria,Oscillatoriophycideae,Chroococcales,Chroococcaceae,Gloeocapsa,Gloeocapsa sp.DLM2.Bin57,GlospD,GCA_007693955.1
Cyanobacteria,Cyanophyceae,Synechococcales,Synechococcaceae,Synechococcus,Synechococcus sp.,Synsp,GCA_009919765.1
Cyanobacteria,Cyanophyceae,Spirulinales,Spirulinaceae,Spirulina,Spirulina?sp.SIO3F2,SpispS,GCA_010672165.1
Cyanobacteria,Oscillatoriophycideae,Oscillatoriales,Cyanothecaceae,Cyanothece,Cyanothece sp.SIO2G6,Cyasp2,GCA_010672345.1
Cyanobacteria,Cyanophyceae,Synechococcales,Merismopediaceae,Merismopedia,Merismopedia?sp.SIO2A8,Mersp,GCA_010672605.1
Cyanobacteria,Oscillatoriophycideae,Oscillatoriales,Oscillatoriaceae,Moorena,Moorena?sp.SIO1F2,Moosp,GCA_010672755.1
Cyanobacteria,Oscillatoriophycideae,Oscillatoriales,Cyanothecaceae,Cyanothece,Cyanothece sp.SIO1E1,Cyasp1,GCA_010672835.1
Cyanobacteria,Oscillatoriophycideae,Oscillatoriales,Microcoleaceae,Symploca,Symploca sp.SIO1A3,Symsp,GCA_010672995.1
Cyanobacteria,Cyanophyceae,Synechococcales,Acaryochloridaceae,Acaryochloridaceae,Acaryochloridaceae cyanobacterium?SU_2_1,AcacySU,GCA_012030735.1
Cyanobacteria,Oscillatoriophycideae,Oscillatoriales,Coleofasciculaceae,Coleofasciculaceae,Coleofasciculaceae cyanobacterium?SM2_3_26,Colcy3,GCA_012030755.1
Cyanobacteria,Cyanophyceae,Spirulinales,Spirulinaceae,Spirulinaceae,Spirulinaceae cyanobacterium SM2_1_0,Spicy1,GCA_012031265.1
Cyanobacteria,Oscillatoriophycideae,Oscillatoriales,Coleofasciculaceae,Coleofasciculaceae,Coleofasciculaceae cyanobacterium?SM2_1_6,Colcy1,GCA_012031635.1
Cyanobacteria,Cyanophyceae,Synechococcales,Leptolyngbyaceae,Alkalinema,Alkalinema?sp.RU_4_3,AlkspRU,GCA_012031975.1
Cyanobacteria,Cyanophyceae,Synechococcales,Acaryochloridaceae,Acaryochloridaceae,Acaryochloridaceae cyanobacteriumRU_4_10,AcacyRU,GCA_012032135.1
Cyanobacteria,Cyanophyceae,Synechococcales,Acaryochloridaceae,Acaryochloridaceae,Acaryochloridaceae cyanobacteriumRL_2_7,AcacyRL,GCA_012032835.1
Cyanobacteria,Cyanophyceae,Synechococcales,Pseudanabaenaceae,Limnothrix,Limnothrix?sp.RL_2_0,LimspR,GCA_012033055.1
Cyanobacteria,Oscillatoriophycideae,Oscillatoriales,Coleofasciculaceae,Coleofasciculaceae,Coleofasciculaceae cyanobacteriumRL_1_1,ColcyRL,GCA_012033105.1
Cyanobacteria,Cyanophyceae,Synechococcales,Acaryochloridaceae,Acaryochloridaceae,Acaryochloridaceae cyanobacteriumCSU_5_19,AcacyCS,GCA_012033145.1
Cyanobacteria,Cyanophyceae,Synechococcales,Leptolyngbyaceae,Alkalinema,Alkalinema?sp.RL_2_19,AlkspRL,GCA_012033605.1
Cyanobacteria,Cyanophyceae,Spirulinales,Spirulinaceae,Spirulinaceae,Spirulinaceae cyanobacteriumRM2_2_10,Spicy2,GCA_012034065.1
Cyanobacteria,Cyanophyceae,Pleurocapsales,Hyellaceae,,Hyellaceaecyano bacteriumCSU_1_1,Hyeba,GCA_012034765.1
Cyanobacteria,Cyanophyceae,Nostocales,Scytonemataceae,Scytonema,Scytonema sp.CRU_2_7,Scysp,GCA_012035165.1
Cyanobacteria,Cyanophyceae,Nostocales,Hapalosiphonaceae,Fischerella,Fischerella sp.,Fissp,GCA_013388695.1
Cyanobacteria,Cyanophyceae,Nostocales,Nostocaceae,Pelatocladus,Pelatocladus maniniholoensis,Pelma,GCA_013821625.1
Cyanobacteria,Oscillatoriophycideae,Oscillatoriales,Sirenicapillariaceae,Limnospira,Limnospira indica,Limin,GCA_014250495.1
Cyanobacteria,Oscillatoriophycideae,Oscillatoriales,Gomontiellaceae,Hormoscilla,Hormoscilla sp.GM102CHS1,Horsp,GCA_014323895.1
Cyanobacteria,Gloeobacteria,Gloeobacterales,Gloeobacteraceae,,Gloeobacterales cyanobacteriumES-bin-313,Glocy2,GCA_014379585.1
Cyanobacteria,Gloeobacteria,Gloeobacterales,Gloeobacteraceae,,Gloeobacterales cyanobacteriumES-bin-141,Glocy1,GCA_014380935.1
Cyanobacteria,Oscillatoriophycideae,Oscillatoriales,Coleofasciculaceae,Coleofasciculus,Coleofasciculus?sp.Co-bin14,ColspCo,GCA_014534335.1
Cyanobacteria,Oscillatoriophycideae,Oscillatoriales,Coleofasciculaceae,Coleofasciculus,Coleofasciculus?sp.C3-bin4,ColspC3,GCA_014534505.1
Cyanobacteria,Oscillatoriophycideae,Oscillatoriales,Microcoleaceae,Microcoleus,Microcoleus?sp.C1-bin4,MicspC,GCA_014534575.1
Cyanobacteria,CyFnophyceFe,Synechococcales,Pseudanabaenaceae,Pseudanabaenaceae,Pseudanabaenaceae cyanobFcterium?LEGE13415,Psecy,GCA_015206935.1
Cyanobacteria,Cyanophyceae,Nostocales,Rivulariaceae,Rivularia,Rivularia?sp.T60_A2020_040,RivspT,GCA_015272215.1
Cyanobacteria,Cyanophyceae,Pleurocapsales,Hydrococcaceae,Hydrococcus,Hydrococcus sp.C42_A2020_068,HydspC42,GCA_015272405.1
Cyanobacteria,Cyanophyceae,Nostocales,Chlorogloeopsidaceae,Chlorogloeopsis,Chlorogloeopsis fritschii,Chlfr,GCA_015272425.1
Cyanobacteria,Cyanophyceae,Synechococcales,Oculatellaceae,Thermoleptolyngbya,Thermoleptolyngbya?sp.C42_A2020_037,ThespC4,GCA_015272455.1
Cyanobacteria,Cyanophyceae,Gloeomargaritales,Gloeomargaritaceae,Gloeomargarita,Gloeomargarita ceaecyanobacteriumC42_A2020_066,Gloce,GCA_015272465.1
Cyanobacteria,Cyanophyceae,Synechococcales,Oculatellaceae,Elainella,Elainella?sp.C42_A2020_010,ElaspC,GCA_015272495.1
Cyanobacteria,Oscillatoriophycideae,Chroococcales,Chroococcaceae,Geminocystis,Geminocystis?sp.M7585_C2015_104,GemspM,GCA_015295805.1
Cyanobacteria,Cyanophyceae,Synechococcales,Oculatellaceae,Thermoleptolyngbya,Thermoleptolyngbya?sp.M55_K2018_002,ThespM5,GCA_015295965.1
Cyanobacteria,Cyanophyceae,Synechococcales,Thermosynechococcaceae,Thermosynechococcus,Thermosynechococcus sp.M3746_W2019_013,ThespM3,GCA_015296045.1
Cyanobacteria,Oscillatoriophycideae,Chroococcales,Chroococcaceae,Geminocystis,Geminocystis sp.GBBB08,GemspG,GCA_016743215.1
Cyanobacteria,Oscillatoriophycideae,Chroococcales,Gomphosphaeriaceae,Gomphosphaeria,Gomphosphaeria aponina,Gomap,GCA_016903655.1
Cyanobacteria,Cyanophyceae,Nostocales,Stigonemataceae,Stigonema,Stigonema ocellatum,Stioc,GCA_016903675.1
Cyanobacteria,Oscillatoriophycideae,Chroococcales,Entophysalidaceae,Chlorogloea,Chlorogloea purpurea,Chlpu,GCA_016903695.1
Cyanobacteria,Oscillatoriophycideae,Oscillatoriales,Coleofasciculaceae,Roseofilum,Roseofilum sp.Guam,RosspG,GCA_017746735.1
Cyanobacteria,Oscillatoriophycideae,Oscillatoriales,Coleofasciculaceae,Roseofilum,Roseofilum sp.BelizeBBD4,RosspB,GCA_017746815.1
Cyanobacteria,Oscillatoriophycideae,Oscillatoriales,Coleofasciculaceae,Roseofilum,Roseofilum sp.SID1,RosspSI,GCA_017746875.1
Cyanobacteria,Oscillatoriophycideae,Oscillatoriales,Coleofasciculaceae,Roseofilum,Roseofilum sp.SBFL,RosspS,GCA_017746885.1
Cyanobacteria,Cyanophyceae,Nostocales,Rivulariaceae,Rivularia,Rivularia sp.(in:Bacteria),Rivsp,GCA_019192545.1
Cyanobacteria,Cyanophyceae,Synechococcales,Oculatellaceae,Tildeniella,Tildeniella torsiva,Tilto,GCA_019358835.1
Cyanobacteria,Cyanophyceae,Synechococcales,Oculatellaceae,Tildeniella,Timaviella obliquedivisa,Timob,GCA_019358855.1
Cyanobacteria,Oscillatoriophycideae,Oscillatoriales,Microcoleaceae,Symplocastrum,Symplocastrum torsivum,Symto,GCA_019358875.1
Cyanobacteria,Cyanophyceae,Synechococcales,Oculatellaceae,Tildeniella,Tildeniella nuda,Tilnu,GCA_019358895.1
Cyanobacteria,Cyanophyceae,Nostocales,Nostocaceae,Richelia,Trichormus sp.ATA11-4-KO1,Trisp,GCA_019358915.1
Cyanobacteria,Cyanophyceae,Nostocales,Tolypothrichaceae,Tolypothrix,Tolypothrix carrinoi,Tolcar,GCA_019358935.1
Cyanobacteria,Cyanophyceae,Nostocales,Tolypothrichaceae,Tolypothrix,Tolypothrix brevis,Tolbr,GCA_019358985.1
Cyanobacteria,Cyanophyceae,Nostocales,Tolypothrichaceae,Spirirestis,Spirirestis rafaelensis,Spira,GCA_019359015.1
Cyanobacteria,Cyanophyceae,Nostocales,Scytonemataceae,Scytonema,Scytonema hyalinum,Scyhy,GCA_019359075.1
Cyanobacteria,Cyanophyceae,Nostocales,Nostocaceae,Pelatocladus,Pelatocladus maniniholoensis,Pelma,GCA_019359115.1
Cyanobacteria,Cyanophyceae,Pleurocapsales,Hyellaceae,Pleurocapsa,Pleurocapsa minor,Plemi,GCA_019359125.1
Cyanobacteria,Cyanophyceae,Synechococcales,Oculatellaceae,Pegethrix,Pegethrix bostrychoides,Pegbo,GCA_019359155.1
Cyanobacteria,Cyanophyceae,Synechococcales,Prochlorotrichaceae,Nodosilinea,Nodosilinea?sp.WJT8-NPBG4,NodspW,GCA_019359285.1
Cyanobacteria,Cyanophyceae,Nostocales,Nostocaceae,Mojavia,Mojavia pulchra,Mojpu,GCA_019359325.1
Cyanobacteria,Cyanophyceae,Nostocales,Nostocaceae,Komarekiella,Komarekiella atlantica,Komat,GCA_019359395.1
Cyanobacteria,Cyanophyceae,Nostocales,Stigonemataceae,Iphinoe,Iphinoe sp.HA4291-MV1,Iphsp,GCA_019359415.1
Cyanobacteria,Cyanophyceae,Synechococcales,Oculatellaceae,Kaiparowitsia,Kaiparowitsia implicata,Kaiim,GCA_019359435.1
Cyanobacteria,Oscillatoriophycideae,Oscillatoriales,Coleofasciculaceae,Kastovskya,Kastovskya aduncaATA6-11-RM4,Kasad,GCA_019359445.1
Cyanobacteria,Cyanophyceae,Nostocales,Nostocaceae,Goleter,Goleter apudmare,Golap,GCA_019359495.1
Cyanobacteria,Cyanophyceae,Synechococcales,Oculatellaceae,Drouetiella,Drouetiella hepatica,Drosp,GCA_019359505.1
Cyanobacteria,Oscillatoriophycideae,Chroococcales,Chroococcaceae,Gloeocapsa,Gloeocapsa?sp.UFS-A4-WI-NPMV-4B04,GlospU,GCA_019359535.1
Cyanobacteria,Cyanophyceae,Nostocales,Cyanomargaritaceae,Cyanomargarita,Cyanomargarita calcarea,Cyaca,GCA_019359595.1
Cyanobacteria,Oscillatoriophycideae,Chroococcales,Chroococcaceae,Cyanosarcina,Cyanosarcina radialis,Cyara,GCA_019359615.1
Cyanobacteria,Cyanophyceae,Nostocales,Scytonemataceae,Brasilonema,Brasilonema octagenarum,Braoc,GCA_019359625.1
Cyanobacteria,Oscillatoriophycideae,Chroococcales,Chroococcaceae,Chroococcus,Chroococcus?sp.CMT-3BRIN-NPC107,ChrspC,GCA_019359635.1
Cyanobacteria,Cyanophyceae,Nostocales,Scytonemataceae,Brasilonema,Brasilonema angustatum,Braan,GCA_019359695.1
Cyanobacteria,Cyanophyceae,Synechococcales,Merismopediaceae,Aphanocapsa,Aphanocapsa sp.GSE-SYN-MK-11-07L,Aphsp,GCA_019359715.1
Cyanobacteria,Cyanophyceae,Synechococcales,Merismopediaceae,Aphanocapsa,Aphanocapsa lilacina,Aphli,GCA_019359725.1
Cyanobacteria,Oscillatoriophycideae,Oscillatoriales,Desertifilaceae,Desertifilum,Desertifilum sp.,Dessp,GCA_021208125.1
Cyanobacteria,Cyanophyceae,Synechococcales,Pseudanabaenaceae,Pseudanabaena,Pseudanabaena?sp.42896M_M3,Psesp4,GCA_021299235.1
Cyanobacteria,Cyanophyceae,Synechococcales,Thermosynechococcaceae,Thermosynechococcaceae,Thermosynechococcaceae cyanobacteriumMS004,Thecy,GCA_022402525.1
Cyanobacteria,Cyanophyceae,Nostocales,Rivulariaceae,Rivularia,Rivularia sp.ALOHA_DT_140,RivspA,GCA_022968935.1
Cyanobacteria,Cyanophyceae,Nostocales,Gloeotrichiaceae,Gloeotrichia,Gloeotrichia echinulata,Gloec,GCA_023657325.1
Cyanobacteria,CyFnophyceFe,Gloeomargaritales,Gloeomargaritaceae,Gloeomargarita,Gloeomargarita sp.SKYG98,Glosp9,GCA_025054555.1
Cyanobacteria,Oscillatoriophycideae,Oscillatoriales,Oscillatoriaceae,Oscillatoriaceae,Oscillatoriaceae bacterium?SKYG93,Oscba,GCA_025054815.1
Cyanobacteria,Oscillatoriophycideae,Chroococcales,Chroococcaceae,Geminocystis,Geminocystis sp.,Gemsp,GCA_025055395.1
Cyanobacteria,Cyanophyceae,Gloeomargaritales,Gloeomargaritaceae,Gloeomargarita,Gloeomargarita sp.SKYG116,Glosp1,GCA_025056115.1
Cyanobacteria,Cyanophyceae,Gloeomargaritales,Gloeomargaritaceae,Gloeomargarita,Gloeomargarita sp.SKYB31,GlospB3,GCA_025060435.1
Cyanobacteria,Cyanophyceae,Gloeomargaritales,Gloeomargaritaceae,Gloeomargarita,Gloeomargarita sp.SKYB120,GlospB1,GCA_025062155.1
Cyanobacteria,Cyanophyceae,Synechococcales,Coelosphaeriaceae,Woronichinia,Woronichinia naegeliana,Worna,GCA_025370055.1
Cyanobacteria,Oscillatoriophycideae,Oscillatoriales,Laspinemataceae,Laspinema,Laspinema sp.D2a,Lassp,GCA_025370845.1
Cyanobacteria,Cyanophyceae,Synechococcales,Oculatellaceae,Oculatella,Oculatella ceaecyanobacterium?Prado106,Ocuce,GCA_025454315.1
Cyanobacteria,Cyanophyceae,Synechococcales,Oculatellaceae,Elainella,Elainella?sp.Prado103,ElaspP,GCA_025454395.1
Cyanobacteria,Cyanophyceae,Synechococcales,Thermosynechococcaceae,Thermosynechococcus,Thermosynechococcus?sp.,Thesp,GCA_025999095.1
Cyanobacteria,Oscillatoriophycideae,Oscillatoriales,Coleofasciculaceae,Coleofasciculus,uncultured Coleofasciculussp.,uncCo,GCA_902805485.1
Cyanobacteria,Gloeobacteria,Gloeobacterales,Gloeobacteraceae,Gloeobacter,Gloeobacter violaceus,Glovi,GCF_000011385.1
Cyanobacteria,Cyanophyceae,Synechococcales,Synechococcaceae,Synechococcus,Synechococcus elongatus?PCC7942,Synsl,GCF_000012525.1
Cyanobacteria,Deltaproteobacteria,Desulauromonadales,Geobacteraceae,Geobacter,Geobacter metallireducens,Geome,GCF_000012925.1
Cyanobacteria,Deltaproteobacteria,Desulauromonadales,Geobacteraceae,Citriaermentans,Citriaermentans bemidjiense,Citbe,GCF_000020725.1
Cyanobacteria,Deltaproteobacteria,Desulauromonadales,Geobacteraceae,Geotalea,Geotalea daltonii,Geoda,GCF_000022265.1
Cyanobacteria,Oscillatoriophycideae,Oscillatoriales,Coleoaasciculaceae,Coleoaasciculus,Coleoaasciculus chthonoplastes?PCC7420,Colch,GCF_000155555.1
Cyanobacteria,Oscillatoriophycideae,Oscillatoriales,Sirenicapillariaceae,Limnospira,Limnospira maxima,Limma,GCF_000173555.1
Cyanobacteria,Cyanophyceae,Nostocales,aphanizomenonaceae,Raphidiopsis,Raphidiopsis brookii,Rapbr,GCF_000175855.1
Cyanobacteria,Oscillatoriophycideae,Oscillatoriales,Microcoleaceae,Kamptonema,Kamptonema sp.PCC6506,Kamsp,GCF_000180455.1
Cyanobacteria,Cyanophyceae,Synechococcales,Prochlorococcaceae,Parasynechococcus,Parasynechococcus marenigrum,Parma,GCF_000195975.1
Cyanobacteria,Cyanophyceae,Nostocales,Nostocaceae,Trichormus,Trichormus azollae,Triaz,GCF_000196515.1
Cyanobacteria,Oscillatoriophycideae,Oscillatoriales,Microcoleaceae,arthrospira,arthrospira platensis,artpl,GCF_000307915.1
Cyanobacteria,Cyanophyceae,Synechococcales,Prochlorotrichaceae,Nodosilinea,Nodosilinea nodulosa,Nodno,GCF_000309385.1
Cyanobacteria,Cyanophyceae,Spirulinales,Spirulinaceae,Spirulina,Spirulina subsalsa PCC 9445,SpisuP,GCF_000314005.1
Cyanobacteria,Cyanophyceae,Nostocales,Stigonemataceae,Mastigocladopsis,Mastigocladopsis repens,Masre,GCF_000315565.1
Cyanobacteria,Cyanophyceae,Synechococcales,Prochlorococcaceae,Cyanobium,Cyanobium gracile,Cyagr,GCF_000316515.1
Cyanobacteria,Cyanophyceae,Nostocales,Rivulariaceae,Rivularia,Rivularia?sp.PCC7116,RivspP,GCF_000316665.1
Cyanobacteria,Oscillatoriophycideae,Oscillatoriales,Oscillatoriaceae,Oscillatoria,Oscillatoria acuminata,Oscac,GCF_000317105.1
Cyanobacteria,Cyanophyceae,Synechococcales,Chamaesiphonaceae,Chamaesiphon,Chamaesiphon minutus,Chami,GCF_000317145.1
Cyanobacteria,Oscillatoriophycideae,Oscillatoriales,Gomontiellaceae,Crinalium,Crinalium epipsammum,Criep,GCF_000317495.1
Cyanobacteria,Oscillatoriophycideae,Oscillatoriales,Coleoaasciculaceae,allocoleopsis,allocoleopsis aranciscana,allar,GCF_000317515.1
Cyanobacteria,Oscillatoriophycideae,Chroococcales,Chroococcaceae,Gloeocapsa,Gloeocapsa?sp.PCC7428,Glosp4,GCF_000317555.1
Cyanobacteria,Cyanophyceae,Pleurocapsales,Dermocarpellaceae,Stanieria,Stanieria cyanosphaera,Stacy,GCF_000317575.1
Cyanobacteria,Oscillatoriophycideae,Chroococcales,Chroococcaceae,Gloeocapsa,Gloeocapsa?sp.PCC73106,Glosp3,GCF_000332035.1
Cyanobacteria,Oscillatoriophycideae,Oscillatoriales,Microcoleaceae,Kamptonema,Kamptonema aormosum,Kamao,GCF_000332155.1
Cyanobacteria,Cyanophyceae,Synechococcales,Pseudanabaenaceae,Pseudanabaena,Pseudanabaena biceps?PCC7429,PsebiP,GCF_000332215.1
Cyanobacteria,Oscillatoriophycideae,Chroococcales,Chroococcaceae,Geminocystis,Geminocystis herdmanii,Gemhe,GCF_000332235.1
Cyanobacteria,Cyanophyceae,Nostocales,Stigonemataceae,,cyanobacterium PCC7702,cyaPC,GCF_000332255.1
Cyanobacteria,Cyanophyceae,Synechococcales,Prochlorotrichaceae,Prochlorothrix,Prochlorothrix hollandica,Proho,GCF_000332315.1
Cyanobacteria,Oscillatoriophycideae,Oscillatoriales,Microcoleaceae,Baaleninema,Baaleninema simplex,Baasi,GCF_000332355.1
Cyanobacteria,Deltaproteobacteria,Desulauromonadales,Geobacteraceae,Geopsychrobacter,Geopsychrobacter electrodiphilus,Geoel,GCF_000384395.1
Cyanobacteria,Deltaproteobacteria,Desulauromonadales,Geobacteraceae,Citriaermentans,Citriaermentans bremense,Citbr,GCF_000426865.1
Cyanobacteria,Cyanophyceae,Nostocales,aphanizomenonaceae,Dolichospermum,Dolichospermum circinale,Dolci,GCF_000426905.1
Cyanobacteria,Oscillatoriophycideae,Oscillatoriales,Oscillatoriaceae,Lyngbya,Lyngbya aestuarii,Lynae,GCF_000478195.2
Cyanobacteria,Gloeobacteria,Gloeobacterales,Gloeobacteraceae,Gloeobacter,Gloeobacter kilaueensis,Gloki,GCF_000484535.1
Cyanobacteria,Cyanophyceae,Nostocales,Tolypothrichaceae,Tolypothrix,[Scytonema hoamanni]UTEXB1581,ScyhoU,GCF_000582685.1
Cyanobacteria,Cyanophyceae,Nostocales,Tolypothrichaceae,Tolypothrix,Tolypothrix bouteillei,Tolbo,GCF_000760695.4
Cyanobacteria,Cyanophyceae,Nostocales,aphanizomenonaceae,aphanizomenon,aphanizomenon alos-aquae,aphal,GCF_000789435.1
Cyanobacteria,Cyanophyceae,Nostocales,Scytonemataceae,Scytonema,Scytonema millei,Scymi,GCF_000817735.3
Cyanobacteria,Cyanophyceae,Nostocales,Tolypothrichaceae,Hassalia,Hassallia byssoidea,Hasby,GCF_000817785.2
Cyanobacteria,Deltaproteobacteria,Desulauromonadales,Geobacteraceae,Geoalkalibacter,Geoalkalibacter aerrihydriticus,Geoae,GCF_000820505.1
Cyanobacteria,Deltaproteobacteria,Desulauromonadales,Geobacteraceae,Geoalkalibacter,Geoalkalibacter subterraneus,Geosu,GCF_000827125.1
Cyanobacteria,Cyanophyceae,Nostocales,Tolypothrichaceae,Tolypothrix,Tolypothrix campylonemoides,Tolcam,GCF_000828075.3
Cyanobacteria,Cyanophyceae,Chroococcidiopsidales,aliterellaceae,aliterella,aliterella atlantica,aliat,GCF_000952155.1
Cyanobacteria,Oscillatoriophycideae,Oscillatoriales,Sirenicapillariaceae,Limnoraphis,Limnoraphis robusta,Limrob,GCF_000972705.2
Cyanobacteria,Cyanophyceae,Synechococcales,Prochlorococcaceae,Prochlorococcus,Prochlorococcus marinus,Proma,GCF_001180245.1
Cyanobacteria,Oscillatoriophycideae,Chroococcales,Microcystaceae,Microcystis,Microcystis panniaormis,Micpa,GCF_001264245.1
Cyanobacteria,Cyanophyceae,Nostocales,Hapalosiphonaceae,Hapalosiphon,Hapalosiphon sp.MRB220,Hapsp,GCF_001275395.1
Cyanobacteria,Cyanophyceae,Synechococcales,Pseudanabaenaceae,Pseudanabaena,Pseudanabaena?sp.'RoaringCreek',PsespR,GCF_001402795.1
Cyanobacteria,Oscillatoriophycideae,Chroococcales,Chroococcaceae,Geminocystis,Geminocystis?sp.NIES-3708,GemspN,GCF_001548095.1
Cyanobacteria,Cyanophyceae,Nostocales,aphanizomenonaceae,Sphaerospermopsis,Sphaerospermopsis aphanizomenoides,Sphap,GCF_001586785.1    
Cyanobacteria,Deltaproteobacteria,Desulauromonadales,Geobacteraceae,Geobacter,Geobacter anodireducens,Geoano,GCF_001628815.1
Cyanobacteria,Cyanophyceae,Gloeomargaritales,Gloeomargaritaceae,Gloeomargarita,Gloeomargarita lithophora,Gloli,GCF_001870225.1
Cyanobacteria,Cyanophyceae,Spirulinales,Spirulinaceae,Spirulina,Spirulina major PCC 6313,SpimaP,GCF_001890765.1
Cyanobacteria,Cyanophyceae,Synechococcales,Pseudanabaenaceae,Limnothrix,Limnothrix rosea,Limros,GCF_001904615.1
Cyanobacteria,Cyanophyceae,Pleurocapsales,Hydrococcaceae,Hydrococcus,Hydrococcus rivularis,Hydri,GCF_001904635.1
Cyanobacteria,Cyanophyceae,Nostocales,Hapalosiphonaceae,aischerella,aischerella major,aisma,GCF_001904645.1
Cyanobacteria,Oscillatoriophycideae,Chroococcales,Chroococcaceae,Chroogloeocystis,Chroogloeocystis siderophila,Chrsi,GCF_001904655.1
Cyanobacteria,Cyanophyceae,Nostocales,Nostocaceae,Nostoc,Nostoc calcicola,Nosca,GCF_001904715.1
Cyanobacteria,Oscillatoriophycideae,Oscillatoriales,Oscillatoriaceae,Phormidium,Phormidium ambiguum?IaMM-71,Phoam,GCF_001904725.1
Cyanobacteria,Cyanophyceae,Synechococcales,Leptolyngbyaceae,Leptolyngbya,Leptolyngbya?sp.'hensonii',Lepsph,GCF_001939115.1
Cyanobacteria,Oscillatoriophycideae,Oscillatoriales,Oscillatoriaceae,Moorena,Moorena bouillonii,Moobo,GCF_001942495.1
Cyanobacteria,Cyanophyceae,Synechococcales,Prochlorotrichaceae,Halomicronema,Halomicronema hongdechloris,Halho,GCF_002075285.3
Cyanobacteria,Cyanophyceae,Synechococcales,Leptolyngbyaceae,Leptolyngbya,Leptolyngbya boryana,Lepbo,GCF_002142475.1
Cyanobacteria,Cyanophyceae,Synechococcales,Leptolyngbyaceae,Leptolyngbya,Leptolyngbya ohadii,Lepoh,GCF_002215035.1
Cyanobacteria,Oscillatoriophycideae,Oscillatoriales,Microcoleaceae,Hydrocoleum,Hydrocoleum?sp.CS-953,HydspCS,GCF_002260545.1
Cyanobacteria,Cyanophyceae,Nostocales,Calotrichaceae,Calothrix,Calothrix elsteri,Calel,GCF_002289455.1
Cyanobacteria,Cyanophyceae,Pleurocapsales,Dermocarpellaceae,Stanieria,Stanieria sp.NIES-3757,Stasp,GCF_002355455.1
Cyanobacteria,Cyanophyceae,Nostocales,aphanizomenonaceae,anabaenopsis,anabaenopsis circularis,anaci,GCF_002367975.1
Cyanobacteria,Cyanophyceae,Nostocales,Calotrichaceae,Calothrix,Calothrix brevissima,Calbr,GCF_002367995.1
Cyanobacteria,Cyanophyceae,Nostocales,Calotrichaceae,Calothrix,Calothrix parasitica,Calpara,GCF_002368095.1
Cyanobacteria,Cyanophyceae,Nostocales,Rivulariaceae,Microchaete,Microchaete diplosiphon,Micdi,GCF_002368275.1
Cyanobacteria,Oscillatoriophycideae,Chroococcales,Chroococcaceae,Chondrocystis,Chondrocystis sp.NIES-4102,Chosp,GCF_002368355.1
Cyanobacteria,Oscillatoriophycideae,Oscillatoriales,Microcoleaceae,Tychonema,Tychonema bourrellyi,Tycbo,GCF_002412335.2
Cyanobacteria,Cyanophyceae,Synechococcales,Pseudanabaenaceae,Limnothrix,Limnothrix?sp.PR1529,LimspPR,GCF_002742025.1
Cyanobacteria,Cyanophyceae,Thermostichales,Thermostichaceae,Thermostichus,Thermostichus lividus,Theli,GCF_002754935.1
Cyanobacteria,Cyanophyceae,Nostocales,Hapalosiphonaceae,aischerella,aischerella muscicola,aismu,GCF_002870665.1
Cyanobacteria,Cyanophyceae,Nostocales,aphanizomenonaceae,Cuspidothrix,Cuspidothrix issatschenkoi,Cusis,GCF_002934005.1
Cyanobacteria,Oscillatoriophycideae,Chroococcales,Chroococcaceae,Gloeocapsopsis,Gloeocapsopsis dulcis,Glodu,GCF_002964865.1
Cyanobacteria,Cyanophyceae,Synechococcales,Merismopediaceae,Merismopedia,Merismopedia glauca,Mergl,GCF_003003775.1
Cyanobacteria,Cyanophyceae,Synechococcales,Chamaesiphonaceae,Chamaesiphon,Chamaesiphon polymorphus,Chapo,GCF_003003845.1
Cyanobacteria,Oscillatoriophycideae,Chroococcales,Entophysalidaceae,Chlorogloea,Chlorogloea?sp.CCaLa695,Chlsp,GCF_003003885.1
Cyanobacteria,Oscillatoriophycideae,Chroococcales,Chroococcaceae,Cyanosarcina,Cyanosarcina burmensis,Cyabu,GCF_003004015.1
Cyanobacteria,Cyanophyceae,Synechococcales,Prochlorococcaceae,Cyanobium,Cyanobium usitatum,Cyaus,GCF_003011885.1
Cyanobacteria,Oscillatoriophycideae,Oscillatoriales,Cyanothecaceae,Cyanothece,Cyanothece sp.BG0011,CyaspBG,GCF_003013815.1
Cyanobacteria,Cyanophyceae,Synechococcales,Merismopediaceae,Synechocystis,Synechocystis?sp.IPPaSB-1465,SynspI,GCF_003015225.1
Cyanobacteria,Oscillatoriophycideae,Chroococcales,Microcystaceae,Microcystis,Microcystis?sp.0824,Micsp,GCF_003112475.1
Cyanobacteria,Cyanophyceae,Nostocales,Hapalosiphonaceae,aischerella,aischerella thermalis,aisth,GCF_003346965.1
Cyanobacteria,Cyanophyceae,Synechococcales,Thermosynechococcaceae,Thermosynechococcus,Thermosynechococcus elongatusPKUaC-SCTE542,Theel,GCF_003555505.1
Cyanobacteria,Oscillatoriophycideae,Oscillatoriales,Oscillatoriaceae,Okeania,Okeania hirsuta,Okehi,GCF_003838225.1
Cyanobacteria,Cyanophyceae,Synechococcales,Pseudanabaenaceae,Pseudanabaena,Pseudanabaena?sp.aBRG5-3,Psespa,GCF_003967015.1
Cyanobacteria,Cyanophyceae,Thermostichales,Thermostichaceae,Thermostichus,Thermostichus vulcanus,Thevu,GCF_003990665.2
Cyanobacteria,Cyanophyceae,Nostocales,Hapalosiphonaceae,Westiellopsis,Westiellopsis proliaica,Wespr,GCF_004323185.1
Cyanobacteria,Deltaproteobacteria,Desulauromonadales,Geobacteraceae,Geomonas,Geomonas edaphica,Geoed,GCF_004917075.1
Cyanobacteria,Cyanophyceae,Nostocales,Scytonemataceae,Brasilonema,Brasilonema sennae,Brase,GCF_006968745.1
Cyanobacteria,Deltaproteobacteria,Desulauromonadales,Geobacteraceae,Geobacter,Geobacter argillaceus,Geoar,GCF_007830735.1
Cyanobacteria,Cyanophyceae,Nostocales,Calotrichaceae,Dulcicalothrix,Dulcicalothrix desertica,Dulde,GCF_007830875.1
Cyanobacteria,Deltaproteobacteria,Desulauromonadales,Geobacteraceae,Geothermobacter,Geothermobacter ehrlichii,Geoeh,GCF_008124615.1
Cyanobacteria,Cyanophyceae,Synechococcales,Thermosynechococcaceae,Thermosynechococcus,Thermosynechococcus?sp.CL-1,ThespCL,GCF_008386235.1
Cyanobacteria,Deltaproteobacteria,Desulauromonadales,Geobacteraceae,Oryzomonas,Oryzomonas japonica,Oryja,GCF_008802365.1
Cyanobacteria,Oscillatoriophycideae,Chroococcales,Geminocystaceae,Cyanobacterium,Cyanobacterium aponinum,Cyaap,GCF_009710015.1
Cyanobacteria,Oscillatoriophycideae,Oscillatoriales,Microcoleaceae,Sodalinema,Sodalinema gerasimenkoae,Sodge,GCF_009846485.1
Cyanobacteria,Cyanophyceae,Synechococcales,Synechococcales,Petrachloros,Petrachloros mirabilis,Petmi,GCF_009939295.1
Cyanobacteria,Oscillatoriophycideae,Oscillatoriales,Desertiailaceae,Jacksonvillea,Jacksonvillea sp.ISTCYN1,Jacsp,GCF_010156995.1
Cyanobacteria,Cyanophyceae,Synechococcales,Merismopediaceae,Synechocystis,Synechocystis?sp.CaCIaM05,SynspC,GCF_010222815.1
Cyanobacteria,Oscillatoriophycideae,Oscillatoriales,Microcoleaceae,Oxynema,Oxynema aestuarii,Oxyae,GCF_012295525.1
Cyanobacteria,Oscillatoriophycideae,Oscillatoriales,Coleoaasciculaceae,Geitlerinema,Geitlerinema sp.P-1104,GeispP,GCF_012911965.1
Cyanobacteria,Cyanophyceae,Synechococcales,Prochlorotrichaceae,Nodosilinea,Nodosilinea?sp.P-1105,NodspP,GCF_012911975.1
Cyanobacteria,Cyanophyceae,Nostocales,Scytonemataceae,Brasilonema,Brasilonema bromeliae,Brabr,GCF_012912135.1
Cyanobacteria,Cyanophyceae,Synechococcales,Oculatellaceae,Thermoleptolyngbya,Thermoleptolyngbya sichuanensis,Thesi,GCF_013177315.1
Cyanobacteria,Oscillatoriophycideae,Oscillatoriales,Microcoleaceae,Microcoleus,Microcoleus asticus,Micas,GCF_013179805.1
Cyanobacteria,Cyanophyceae,Synechococcales,Pseudanabaenaceae,Pseudanabaena,Pseudanabaena biceps,Psebi,GCF_013361095.1
Cyanobacteria,Deltaproteobacteria,Desulauromonadales,Geobacteraceae,Citriaermentans,Citriaermentans bremense,Citbr,GCF_014218275.1
Cyanobacteria,Cyanophyceae,Nostocales,aphanizomenonaceae,Cylindrospermopsis,Cylindrospermopsis curvispora,Cylcu,GCF_014489415.1
Cyanobacteria,Oscillatoriophycideae,Oscillatoriales,Sirenicapillariaceae,Limnospira,Limnospira ausiaormis,Limau,GCF_014489865.2
Cyanobacteria,Cyanophyceae,Synechococcales,Prochlorotrichaceae,Nodosilinea,Nodosilinea?sp.aaCHB-131,Nodsp3,GCF_014695395.1
Cyanobacteria,Oscillatoriophycideae,Oscillatoriales,Coleoaasciculaceae,Coleoaasciculus,Coleoaasciculus?sp.aaCHB-125,Colsp12,GCF_014695485.1
Cyanobacteria,Cyanophyceae,Synechococcales,Oculatellaceae,Oculatella,Oculatella?sp.aaCHB-28,Ocusp,GCF_014696015.1
Cyanobacteria,Cyanophyceae,Synechococcales,Prochlorotrichaceae,Nodosilinea,Nodosilinea?sp.aaCHB-141,Nodsp4,GCF_014696135.1
Cyanobacteria,Cyanophyceae,Synechococcales,Prochlorotrichaceae,Nodosilinea,Nodosilinea?sp.aaCHB-13,Nodsp13,GCF_014696165.1
Cyanobacteria,Cyanophyceae,Nostocales,Calotrichaceae,Calothrix,Calothrix membranacea,Calme,GCF_014696315.1
Cyanobacteria,Cyanophyceae,Nostocales,Calotrichaceae,Calothrix,Calothrix anomala,Calan,GCF_014696435.1
Cyanobacteria,Cyanophyceae,Synechococcales,Pseudanabaenaceae,Limnothrix,Limnothrix?sp.aaCHB-1088,Limsp88,GCF_014696455.1
Cyanobacteria,Cyanophyceae,Synechococcales,Pseudanabaenaceae,Limnothrix,Limnothrix?sp.aaCHB-1083,Limsp83,GCF_014696485.1
Cyanobacteria,Cyanophyceae,Nostocales,Calotrichaceae,Calothrix,Calothrix parietina,Calpari,GCF_014696555.1
Cyanobacteria,Cyanophyceae,Nostocales,Nostocaceae,anabaena,anabaena cylindrica,anacy,GCF_014696775.1
Cyanobacteria,Oscillatoriophycideae,Chroococcales,Microcystaceae,Microcystis,Microcystis wesenbergii,Micwe,GCF_014696875.1
Cyanobacteria,Cyanophyceae,Synechococcales,Leptolyngbyaceae,alkalinema,alkalinema?sp.aaCHB-956,alkspa,GCF_014697025.1
Cyanobacteria,Cyanophyceae,Nostocales,Tolypothrichaceae,Tolypothrix,Tolypothrix?sp.aaCHB-123,Tolsp,GCF_014697075.1
Cyanobacteria,Cyanophyceae,Nostocales,Nostocaceae,anabaena,anabaena minutissima,anami,GCF_014697125.1
Cyanobacteria,Cyanophyceae,Nostocales,Nostocaceae,anabaena,anabaena azotica,anaaz,GCF_014697625.1
Cyanobacteria,Cyanophyceae,Synechococcales,Pseudanabaenaceae,Limnothrix,Limnothrix?sp.aaCHB-881,Limsp81,GCF_014698135.1
Cyanobacteria,Cyanophyceae,Synechococcales,Pseudanabaenaceae,Limnothrix,Limnothrix?sp.aaCHB-708,Limsp08,GCF_014698215.1
Cyanobacteria,Cyanophyceae,Synechococcales,Pseudanabaenaceae,Limnothrix,Limnothrix?sp.aaCHB-406,Limsp06,GCF_014698235.1
Cyanobacteria,Cyanophyceae,Nostocales,Nostocaceae,anabaena,anabaena lutea,analu,GCF_014698305.1
Cyanobacteria,Oscillatoriophycideae,Chroococcales,Microcystaceae,Microcystis,Microcystis viridis,Micvi,GCF_014698335.1
Cyanobacteria,Cyanophyceae,Synechococcales,Synechococcaceae,Synechococcus,Synechococcus elongatus,Synel,GCF_014698415.1
Cyanobacteria,Cyanophyceae,Nostocales,Scytonemataceae,Scytonema,Scytonema hoamannii,Scyho,GCF_014698435.1
Cyanobacteria,Oscillatoriophycideae,Chroococcales,Microcystaceae,Microcystis,Microcystis elabens,Micel,GCF_014698445.1
Cyanobacteria,Oscillatoriophycideae,Oscillatoriales,Microcoleaceae,Planktothricoides,Planktothricoides sp.aaCHB-1261,Plasp,GCF_014698535.1
Cyanobacteria,Cyanophyceae,Synechococcales,Merismopediaceae,Synechocystis,Synechocystis?sp.aaCHB-383,Synspa,GCF_014698605.1
Cyanobacteria,Cyanophyceae,Nostocales,Nostocaceae,anabaena,anabaena catenula,anaca,GCF_014698735.1
Cyanobacteria,Oscillatoriophycideae,Oscillatoriales,Coleoaasciculaceae,Coleoaasciculus,Coleoaasciculus?sp.aaCHB-1120,Colsp11,GCF_014698845.1
Cyanobacteria,Cyanophyceae,Nostocales,Scytonemataceae,Iningainema,Iningainema tapete,Inita,GCF_014698965.1
Cyanobacteria,Deltaproteobacteria,Desulauromonadales,Geobacteraceae,Pelovirga,Pelovirga terrestris,Pelte,GCF_014773365.1
Cyanobacteria,Cyanophyceae,Synechococcales,Leptolyngbyaceae,Leptolyngbya,Leptolyngbya ectocarpi,Lepec,GCF_015207065.1
Cyanobacteria,Cyanophyceae,Synechococcales,Romeriaceae,Romeria,Romeria gracilis,Romgr,GCF_015207255.1
Cyanobacteria,Cyanophyceae,Synechococcales,Prochlorotrichaceae,Nodosilinea,Nodosilinea?sp.LEGE07298,NodspL2,GCF_015207265.1
Cyanobacteria,Cyanophyceae,Synechococcales,Prochlorotrichaceae,Nodosilinea,Nodosilinea?sp.LEGE07088,NodspL0,GCF_015207395.1
Cyanobacteria,Cyanophyceae,Synechococcales,Pseudanabaenaceae,Lusitaniella,Lusitaniella coriacea,Lusco,GCF_015207425.1
Cyanobacteria,Oscillatoriophycideae,Oscillatoriales,Microcoleaceae,Planktothrix,Planktothrix mougeotii,Plamo,GCF_015207485.1
Cyanobacteria,Cyanophyceae,Synechococcales,Prochlorotrichaceae,Nodosilinea,Nodosilinea?sp.LEGE06152,NodspL6,GCF_015207525.1
Cyanobacteria,Cyanophyceae,Synechococcales,Oculatellaceae,Oculatella,Oculatella?sp.LEGE06141,OcuspL,GCF_015207605.1
Cyanobacteria,Oscillatoriophycideae,Chroococcales,Chroococcaceae,Gloeocapsopsis,Gloeocapsopsis crepidinum,Glocr,GCF_015207655.1
Cyanobacteria,Oscillatoriophycideae,Oscillatoriales,Oscillatoriaceae,Plectonema,Plectonema radiosum,Plera,GCF_015207665.1
Cyanobacteria,Oscillatoriophycideae,Chroococcales,Geminocystaceae,Cyanobacterium,Cyanobacterium stanieri,Cyast,GCF_015207825.1
Cyanobacteria,Cyanophyceae,Nostocales,aphanizomenonaceae,Sphaerospermopsis,Sphaerospermopsis aphanizomenoides,Sphap,GCF_015207835.1
Cyanobacteria,Cyanophyceae,Synechococcales,Merismopediaceae,Synechocystis,Synechocystis salina,Synsa,GCF_015207985.1
Cyanobacteria,Deltaproteobacteria,Desulauromonadales,Geobacteraceae,Trichlorobacter,Trichlorobacter lovleyi,Trilo,GCF_015239775.1
Cyanobacteria,Cyanophyceae,Nostocales,aphanizomenonaceae,anabaenopsiselenkinii,anabaenopsiselenkinii CCIBt3563,anaCC,GCF_015245355.1
Cyanobacteria,Cyanophyceae,Nostocales,Nostocaceae,Dendronalium,Dendronalium phyllosphericum,Denph,GCF_016056275.1
Cyanobacteria,Cyanophyceae,Nostocales,Nostocaceae,amazonocrinis,amazonocrinis nigriterrae,amani,GCF_016056305.1
Cyanobacteria,Deltaproteobacteria,Desulauromonadales,Geobacteraceae,Geomesophilobacter,Geomesophilobacter sediminis,Geose,GCF_016458275.1
Cyanobacteria,Deltaproteobacteria,Desulauromonadales,Geobacteraceae,Geomonas,Geomonas anaerohicana,Geoana,GCF_016458305.1
Cyanobacteria,Oscillatoriophycideae,Oscillatoriales,Microcoleaceae,Oxynema,Oxynema sp.CENa135,Oxysp,GCF_016632315.1
Cyanobacteria,Oscillatoriophycideae,Oscillatoriales,Microcoleaceae,arthrospira,arthrospira?sp.PCC9108,artsp,GCF_016745315.1
Cyanobacteria,Cyanophyceae,Spirulinales,Spirulinaceae,Spirulina,Spirulina major CCY15215,SpimaC,GCF_016888125.1
Cyanobacteria,Cyanophyceae,Synechococcales,Prochlorotrichaceae,Halomicronema,Halomicronema?sp.CCY15110,Halsp,GCF_016888165.1
Cyanobacteria,Cyanophyceae,Synechococcales,Oculatellaceae,Thermoleptolyngbya,Thermoleptolyngbya?sp.PKUaC-SCTB121,ThespP,GCF_016919485.1
Cyanobacteria,Oscillatoriophycideae,Chroococcales,Chroococcaceae,Chroococcus,Chroococcus sp.aPU101,Chrspa,GCF_017312365.1
Cyanobacteria,Deltaproteobacteria,Desulauromonadales,Geobacteraceae,Geobacter,Geobacter benzoatilyticus,Geobe,GCF_017338855.1
Cyanobacteria,Cyanophyceae,Nostocales,Hapalosiphonaceae,aetokthonos,aetokthonos hydrillicola,aethy,GCF_017591665.1
Cyanobacteria,Cyanophyceae,Nostocales,Scytonemataceae,Brasilonema,Brasilonema sp.CT11,Brasp,GCF_017982655.1
Cyanobacteria,Cyanophyceae,Synechococcales,Leptolyngbyaceae,Leptolyngbya,Leptolyngbya?sp.15MV,Lepsp1,GCF_018128505.1
Cyanobacteria,Gloeobacteria,Gloeobacterales,Gloeobacteraceae,anthocerotibacter,anthocerotibacter panamensis,antpa,GCF_018389385.1
Cyanobacteria,Deltaproteobacteria,Desulauromonadales,Geobacteraceae,Citriaermentans,Citriaermentans pelophilum,Cittpe,GCF_018476885.1
Cyanobacteria,Deltaproteobacteria,Desulauromonadales,Geobacteraceae,Geobacter,Geobacter luticola,Geolu,GCF_018476905.1
Cyanobacteria,Deltaproteobacteria,Desulauromonadales,Geobacteraceae,Geobacter,Geobacter hydrogenophilus,Geohy,GCF_018501225.1
Cyanobacteria,Deltaproteobacteria,Desulauromonadales,Geobacteraceae,Geobacter,Geobacter grbiciae,Geogr,GCF_018531165.1
Cyanobacteria,Deltaproteobacteria,Desulauromonadales,Geobacteraceae,Geobacter,Geobacter chapellei,Geoch,GCF_018531195.1
Cyanobacteria,Deltaproteobacteria,Desulauromonadales,Geobacteraceae,Geomonas,Geomonas diazotrophica,Geodi,GCF_018919385.1
Cyanobacteria,Deltaproteobacteria,Desulauromonadales,Geobacteraceae,Geomonas,Geomonas azotoaigens,Geoaz,GCF_018919395.1
Cyanobacteria,Oscillatoriophycideae,Chroococcales,Microcystaceae,Microcystis,Microcystis aeruginosa,Micae,GCF_019704275.1
Cyanobacteria,Cyanophyceae,Nostocales,Rivulariaceae,Rivularia,Rivularia sp.IaMM-261,RivspI,GCF_019973055.1
Cyanobacteria,Cyanophyceae,Synechococcales,Leptolyngbyaceae,Kovacikia,Kovacikia minuta,Kovmi,GCF_020091585.1
Cyanobacteria,Deltaproteobacteria,Desulauromonadales,Geobacteraceae,Geomonas,Geomonas agri,Geoag,GCF_020179605.1
Cyanobacteria,Cyanophyceae,Pleurocapsales,Hyellaceae,Waterburya,Waterburya agarophytonicola,Watag,GCF_020640915.1
Cyanobacteria,Gloeobacteria,Gloeobacterales,Gloeobacteraceae,Gloeobacter,Gloeobacter morelensis,Glomo,GCF_021018745.1
Cyanobacteria,Cyanophyceae,Synechococcales,Leptolyngbyaceae,Leptodesmis,Leptodesmis sichuanensis,Lepsi,GCF_021379005.1
Cyanobacteria,Cyanophyceae,Synechococcales,Merismopediaceae,Synechocystis,Synechocystis sp. PCC6803,SynspP6,GCF_022869765.1
Cyanobacteria,Oscillatoriophycideae,Oscillatoriales,Oscillatoriaceae,argonema,argonema antarcticum,argan,GCF_023333585.1
Cyanobacteria,Cyanophyceae,Synechococcales,Thermosynechococcaceae,Thermosynechococcus,Thermosynechococcus sp.HN-54,ThespH,GCF_023650955.1
Cyanobacteria,Cyanophyceae,Synechococcales,Synechococcaceae,Vulcanococcus,Vulcanococcus limneticus,Vulli,GCF_024346195.1
Cyanobacteria,Cyanophyceae,Synechococcales,acaryochloridaceae,acaryochloris,acaryochloris marina NC_009925.1,acama,GCF_024347835.1
Cyanobacteria,Cyanophyceae,Synechococcales,Merismopediaceae,Synechocystis,Synechocystis?sp.CS-94,SynspCS,GCF_025128275.1
Cyanobacteria,Deltaproteobacteria,Desulauromonadales,Geobacteraceae,Geoalkalibacter,Geoalkalibacter halelectricus,Geoha,GCF_025263685.1
Cyanobacteria,Cyanophyceae,Spirulinales,Spirulinaceae,Spirulina,Spirulina subsalsa aACHB-351,Spisua,GCF_026130165.1
Cyanobacteria,Cyanophyceae,Synechococcales,Synechococcaceae,Synechococcus,Synechococcus spongiarum,Synspo,GCF_900047545.1
Cyanobacteria,Deltaproteobacteria,Desulauromonadales,Geobacteraceae,Geoalkalibacter,Geoalkalibacter aerrihydriticus,Geoae,GCF_900103065.1
Cyanobacteria,Cyanophyceae,Pleurocapsales,Hyellaceae,Hyella,Hyella patelloides,Hyepa,GCF_900659865.1
Cyanobacteria,Cyanophyceae,Synechococcales,Synechococcaceae,Synechococcus,Synechococcus lacustris,Synla,GCF_903837405.1
Cyanobacteria,Oscillatoriophycideae,Oscillatoriales,Microcoleaceae,Planktothrix,Planktothrix agardhii,Plaag,GCF_903969095.1
Rhodophyta,Rhodellophyceae,Glaucosphaerales,Glaucosphaeraceae,Glaucosphaera,vacuolata,Glava,ERR2041126
Rhodophyta,Florideophyceae,Ceramiales,Ceramiaceae,Ceramium,kondoi,Cerko,ERR2041130
Rhodophyta,Florideophyceae,Ceramiales,Rhodomelaceae,Neosiphonia,japonica,Neoja,ERR2041132
Rhodophyta,Florideophyceae,Ceramiales,Rhodomelaceae,Symphyocladia,latiuscula,Symla,ERR2041133
Rhodophyta,Florideophyceae,Gigartinales,Phyllophoraceae,Ahnfeltiopsis,flabelliformis,Ahnfl,ERR2041138
Rhodophyta,Florideophyceae,Gracilariales,Gracilariaceae,Gracilaria,chouae,Gracho,ERR2041142
Rhodophyta,Florideophyceae,Gracilariales,Gracilariaceae,Gracilaria,vermiculophylla,Grave,ERR2041143
Rhodophyta,Florideophyceae,Gracilariales,Gracilariaceae,Gracilaria,blodgettii,Grabl,ERR2041144
Rhodophyta,Bangiophyceae,Porphyridiales,Porphyridiaceae,Porphyridium,purpureum,Porpu,ERR4345061
Rhodophyta,Bangiophyceae,Cyanidiales,Galdieriaceae,Galdieria,phlegrea,Galph,SRR028903
Rhodophyta,Florideophyceae,Gracilariales,Gracilariaceae,Gracilaria,lemaneiformis,Grale,SRR12206572 
Rhodophyta,Bangiophyceae,Bangiales,Bangiaceae,Pyropia,perforata,Pyrpe,SRR1282025
Rhodophyta,Stylonematophyceae,Stylonematales,Stylonemataceae,Rhodosorus,marinus,Rhomar,SRR1294402
Rhodophyta,Rhodellophyceae,Rhodellales,Rhodellaceae,Rhodella,maculata,Rhomac,SRR1296822
Rhodophyta,Compsopogonophyceae,Compsopogonales,Compsopogonaceae,Compsopogon,caeruleus,Comca,SRR1296982
Rhodophyta,Bangiophyceae,Porphyridiales,Porphyridiaceae,Porphyridium,aerugineum,Porae,SRR1296983 
Rhodophyta,Bangiophyceae,Porphyridiales,Porphyridiaceae,Timspurckia,oligopyrenoides,Timol,SRR1300387 
Rhodophyta,Bangiophyceae,Porphyridiales,Porphyridiaceae,Erythrolobus,australicus,Eryau,SRR1300443 
Rhodophyta,Bangiophyceae,Porphyridiales,Porphyridiaceae,Erythrolobus,madagascarensis,Eryma,SRR1300444
Rhodophyta,Compsopogonophyceae,Erythropeltidales,Erythrotrichiaceae,Madagascaria,erythrocladioides,Mader,SRR1300528 
Rhodophyta,Bangiophyceae,Bangiales,Bangiaceae,Pyropia,haitanensis,Pyrha,SRR14366515
Rhodophyta,Bangiophyceae,Cyanidiales,Cyanidiaceae,Cyanidioschyzon,merolae,Cyame,SRR16547541
Rhodophyta,Compsopogonophyceae,Rhodochaetales,Rhodochaetaceae,Rhodochaete,parvula,Rhopa,SRR16979013 
Rhodophyta,Bangiophyceae,Cyanidiales,Galdieriaceae,Galdieria,sulphuraria,Galsu,SRR17295775 
Rhodophyta,Florideophyceae,Halymeniales,Halymeniaceae,Grateloupia,filicina,Grafi,SRR5192950
Rhodophyta,Bangiophyceae,Bangiales,Bangiaceae,Pyropia,yezoensis,Pyrye,SRR5357787
Rhodophyta,Florideophyceae,Gigartinales,Solieriaceae,Betaphycus,philippinensis,Betph,SRR5357788
Rhodophyta,Florideophyceae,Gigartinales,Dumontiaceae,Dumontia,simplex,Dumsi,SRR5357789
Rhodophyta,Florideophyceae,Gigartinales,Solieriaceae,Kappaphycus,alvarezii,Kapal,SRR5357790
Rhodophyta,Florideophyceae,Gigartinales,Solieriaceae,Eucheuma,denticulatum,Eucde,SRR5357793
Rhodophyta,Florideophyceae,Halymeniales,Halymeniaceae,Grateloupia,turuturu,Gratu,SRR5357794
Rhodophyta,Florideophyceae,Halymeniales,Halymeniaceae,Grateloupia,livida,Grali,SRR5357795
Rhodophyta,Florideophyceae,Gigartinales,Gigartinaceae,Mazzaella,japonica,Maja,SRR5357796
Rhodophyta,Florideophyceae,Halymeniales,Halymeniaceae,Grateloupia,catenata,Graca,SRR5357797
Rhodophyta,Florideophyceae,Ceramiales,Dasyaceae,Heterosiphonia,pulchra,Hetpu,SRR5357798
Rhodophyta,Florideophyceae,Gigartinales,Endocladiaceae,Gloiopeltis,furcata,Glofu,SRR5974837
Rhodophyta,Bangiophyceae,Porphyridiales,Porphyridiaceae,Porphyridium,cruentum,Porcr,SRR747672
Rhodophyta,Bangiophyceae,Bangiales,Bangiaceae,Porphyra,umbilicalis,Porum,SRR8052666 
Rhodophyta,Florideophyceae,Gracilariales,Gracilariaceae,Gracilariopsis,Gracilariopsis chorda isolate SKKU-2015,Graco1,JGI
Chlorophyta,Trebouxiophyceae,Trebouxiophyceae incertae sedis ,,Picochlorum ,unclassified Picochlorum,uncPi,ERR4345060
Chlorophyta,Chloropicophyceae,Chloropicales,Chloropicaceae,Chloropicon,Chloropicon sieburthii,Chlsi,ERR4345070 
Chlorophyta,Ulvophyceae,Dasycladales ,Polyphysaceae ,Acetabularia,Acetabularia acetabulum,Aceac,ERR4627616
Chlorophyta,Mamiellophyceae ,Mamiellales ,Mamiellaceae ,Micromonas,Micromonas polaris,Micpo,SRR10228043
Chlorophyta,Trebouxiophyceae,Chlorellales ,Chlorellaceae ,Auxenochlorella,Auxenochlorella pyrenoidosa,Auxpy,SRR1060354
Chlorophyta,Trebouxiophyceae,Trebouxiales ,Trebouxiaceae ,Lobosphaera ,unclassified Lobosphaera,uncLo,SRR10609578
Chlorophyta,Trebouxiophyceae,Chlorellales ,Oocystaceae,Oocystis ,unclassified Oocystis,uncOo,SRR10662504
Chlorophyta,Trebouxiophyceae,Chlorellales ,Chlorellaceae,Actinastrum,Actinastrum hantzschii,Actha,SRR1174702
Chlorophyta,Trebouxiophyceae,Chlorellales ,Chlorellaceae ,Closteriopsis,Closteriopsis acicularis,Cloac,SRR1174711
Chlorophyta,Trebouxiophyceae,Trebouxiophyceae incertae sedis ,,Lemmermannia,Lemmermannia tetrapedia,Lemte,SRR1174717
Chlorophyta,Trebouxiophyceae,Chlorellales ,Chlorellaceae ,Dictyosphaerium,Dictyosphaerium ehrenbergianum,Diceh,SRR1174718
Chlorophyta,Trebouxiophyceae,Chlorellales ,Chlorellaceae,Hegewaldia,Hegewaldia parvula,Hegpa,SRR1174722
Chlorophyta,Trebouxiophyceae,Chlorellales ,Chlorellaceae ,Micractinium,Micractinium pusillum,Micrapu,SRR1174724 
Chlorophyta,Trebouxiophyceae,Chlorellales ,Chlorellaceae ,Mucidosphaerium,Mucidosphaerium pulchellum,Mucpu,SRR1174728
Chlorophyta,Trebouxiophyceae,Chlorellales ,Oocystaceae,Oocystis ,Oocystis parva,Oocpa,SRR1174729
Chlorophyta,Trebouxiophyceae,Chlorellales ,Oocystaceae,Oocystis ,Oocystis polymorpha,Oocpo,SRR1174730
Chlorophyta,Trebouxiophyceae,Chlorellales ,Oocystaceae ,Tetrastrum,Tetrastrum heteracanthum,Tethe,SRR1174750
Chlorophyta,Ulvophyceae,Bryopsidales,Caulerpaceae ,Caulerpa,Caulerpa taxifolia,Cauta,SRR1228219
Chlorophyta,Nephroselmidophyceae ,Nephroselmidales ,Nephroselmidaceae ,Nephroselmis,Nephroselmis pyriformis,Neppy,SRR1294419
Chlorophyta,Mamiellophyceae ,Mamiellales ,Mamiellaceae ,Micromonas,Micromonas CCMP2099 - MMETSP0802,MicCC,SRR1296697
Chlorophyta,Chlorodendrophyceae,Chlorodendrales,Chlorodendraceae,Tetraselmis,Tetraselmis astigmatica,Tetas,SRR1296698
Chlorophyta,Chlorodendrophyceae,Chlorodendrales,Chlorodendraceae,Tetraselmis,Tetraselmis striata ,Tetst,SRR1296730
Chlorophyta,Pyramimonadophyceae ,Pyramimonadales ,Pyramimonadaceae ,Pyramimonas,Pyramimonas parkeae,Pyrpa,SRR1296737
Chlorophyta,Mamiellophyceae ,Dolichomastigales ,Dolichomastigaceae ,Dolichomastix,Dolichomastix tenuilepis,Dolte,SRR1296860
Chlorophyta,Mamiellophyceae ,Dolichomastigales ,Crustomastigaceae ,Crustomastix,Crustomastix stigmatica,Crust,SRR1296861
Chlorophyta,Chlorodendrophyceae,Chlorodendrales,Chlorodendraceae,Tetraselmis,Tetraselmis chuii,Tetch,SRR1296875 
Chlorophyta,Palmophyllophyceae ,Prasinococcales ,Prasinococcaceae ,Prasinococcus,Prasinococcus capsulatus,Praca,SRR1300224
Chlorophyta,Mamiellophyceae ,Mamiellales ,Bathycoccaceae ,Bathycoccus,Bathycoccus prasinos,Batpr,SRR1300250
Chlorophyta,Mamiellophyceae ,Mamiellales ,Bathycoccaceae ,Ostreococcus ,unclassified Ostreococcus,uncOs,SRR1300254
Chlorophyta,Mamiellophyceae ,Mamiellales ,Mamiellaceae ,Mantoniella,Mantoniella antarctica,Manan,SRR1300318
Chlorophyta,Picocystophyceae ,Picocystales ,Picocystaceae ,Picocystis,Picocystis salinarum,Picsa,SRR1300322
Chlorophyta,Mamiellophyceae ,Mamiellales ,Bathycoccaceae ,Ostreococcus ,Ostreococcus mediterraneus,Ostme,SRR1300342
Chlorophyta,Pyramimonadophyceae ,Pyramimonadales ,Pyramimonadaceae ,Pyramimonas,Pyramimonas obovata,Pyrob,SRR1300378
Chlorophyta,Pyramimonadophyceae ,Pyramimonadales ,Polyblepharidaceae ,Polyblepharides,Polyblepharides amylifera,Polam,SRR1300428
Chlorophyta,Mamiellophyceae ,Mamiellales ,Mamiellaceae ,Micromonas,Micromonas pusilla,Micropu,SRR1300455
Chlorophyta,Pyramimonadophyceae ,Pyramimonadales ,Pyramimonadaceae ,Pterosperma,Pterosperma CCMP1384 - MMETSP1438,PteCC,SRR1300516
Chlorophyta,Pyramimonadophyceae ,Pyramimonadales,Pyramimonadaceae,Pyramimonas ,unclassified Pyramimonas,uncPy,SRR1300524
Chlorophyta,Mamiellophyceae ,Mamiellales ,Mamiellaceae ,Micromonas,Micromonas commoda,Micco,SRR1588123
Chlorophyta,Trebouxiophyceae,Watanabeales ,,Watanabea,Watanabea reniformis,Watre,SRR16849198
Chlorophyta,Ulvophyceae ,Trentepohliales ,Trentepohliaceae ,Trentepohlia,Trentepohlia annulata,Trean,SRR16849199
Chlorophyta,Ulvophyceae,Trentepohliales ,Trentepohliaceae ,Cephaleuros,Cephaleuros parasiticus,Ceppa,SRR16849200
Chlorophyta,Trebouxiophyceae,Trebouxiales ,Trebouxiaceae ,Trebouxia,Trebouxia aggregata,Treag,SRR16849201
Chlorophyta,Trebouxiophyceae,Prasiolales ,Prasiolaceae,Prasiolopsis,unclassified Prasiolopsis ,uncPr,SRR16849207
Chlorophyta,Chlorophyceae ,Phaeophilales ,Phaeophilaceae ,Phaeophila,Phaeophila dendroides,Phade,SRR16849208
Chlorophyta,Ulvophyceae ,Oltmannsiellopsidales ,Oltmannsiellopsidaceae ,Oltmannsiellopsis,Oltmannsiellopsis unicellularis,Oltun,SRR16849212
Chlorophyta,Ulvophyceae ,Ulvales ,Ulvaceae ,Ulva ,unclassified Ulva,uncUl,SRR16849214
Chlorophyta,Trebouxiophyceae,Trebouxiophyceae incertae sedis ,,Leptosira ,unclassified Leptosira,uncLe,SRR16849220
Chlorophyta,Chlorophyceae ,Sphaeropleales ,Chromochloridaceae,Chromochloris,Chromochloris zofingiensis,Chrzo,SRR17622015
Chlorophyta,Trebouxiophyceae,Chlorellales ,Chlorellaceae,Chlorella,Chlorella vulgaris,Chlvu,SRR18683012
Chlorophyta,Chlorophyceae ,Sphaeropleales ,Scenedesmaceae ,Desmodesmus ,unclassified Desmodesmus,uncDe,SRR18897121
Chlorophyta,Chlorophyceae ,Chlamydomonadales ,Chlamydomonadaceae ,Chlamydomonas,Chlamydomonas reinhardtii,Chlre,SRR19075904 
Chlorophyta,Trebouxiophyceae,Trebouxiophyceae incertae sedis ,Elliptochloris clade ,Botryococcus,Botryococcus braunii,Botbr,SRR2120180
Chlorophyta,Trebouxiophyceae,Prasiolales ,Prasiolaceae,Prasiola,Prasiola crispa,Pracr,SRR3952294
Chlorophyta,Trebouxiophyceae,Trebouxiales ,Trebouxiaceae ,Lobosphaera,Lobosphaera incisa,Lobin,SRR5237746
Chlorophyta,Trebouxiophyceae,Trebouxiophyceae incertae sedis ,Elliptochloris clade ,Botryococcus,Botryococcus braunii,Botbr,SRR5279400
Chlorophyta,Trebouxiophyceae,Prasiolales ,Prasiolaceae ,Prasiola,Prasiola crispa,Pracr,SRR5754271
Chlorophyta,Trebouxiophyceae,Chlorellales ,Chlorellaceae ,Chlorella ,unclassified Chlorella,uncCh,SRR6513236
Chlorophyta,Mamiellophyceae ,Mamiellales ,Bathycoccaceae ,Ostreococcus ,Ostreococcus tauri,Ostta,SRR7121164
Chlorophyta,Ulvophyceae ,Bryopsidales ,Caulerpaceae ,Caulerpa,Caulerpa cylindracea,Caucy,SRR7168057
Chlorophyta,Trebouxiophyceae,Chlorellales ,Chlorellaceae ,Prototheca,Prototheca zopfii,Prozo,SRR8447029
Chlorophyta,Ulvophyceae ,Ulvales ,Ulvaceae ,Ulva ,Ulva compressa,Ulvco,SRR8703776
Chlorophyta,Ulvophyceae ,Ulvales ,Ulvaceae ,Ulva ,Ulva linza,Ulvli,SRR8703777
Chlorophyta,Ulvophyceae ,Ulvales ,Ulvaceae ,Ulva ,Ulva flexuosa,Ulvfl,SRR8703778
Chlorophyta,Ulvophyceae ,Ulvales ,Ulvaceae ,Ulva ,Ulva prolifera,Ulvpr,SRR8703779
Chlorophyta,Chlorophyceae ,Chlamydomonadales ,Chlamydomonadaceae,Chlamydomonas,Chlamydomonas priscuii UWO241,ChlUWO241,JGI
Chlorophyta,Chlorophyceae ,Chlamydomonadales ,Chlamydomonadaceae,Chlamydomonas,Chlamydomonas eustigma NIES-2499,Chleu,JGI
Chlorophyta,Chlorophyceae ,Chlamydomonadales ,Chlamydomonadaceae,Chlamydomonas,Chlamydomonas incerta SAG 7.73,Chlin,JGI
Chlorophyta,Chlorophyceae ,Chlamydomonadales ,Chlamydomonadaceae,Chlamydomonas,Chlamydomonas schloesseri CCAP 11/173,Chlsc,JGI
Chlorophyta,Chlorophyceae ,Sphaeropleales ,Scenedesmaceae ,Desmodesmus ,Desmodesmus armatus UTEX B 2533 v2.0,DesarB2533,JGI
Chlorophyta,Chlorophyceae ,Chlamydomonadales ,Dunaliellaceae,Dunaliella,Dunaliella salina CCAP19/18,Dunsal,JGI
Chlorophyta,Chlorophyceae ,Chlamydomonadales ,-,Edaphochlamys,Edaphochlamys debaryana CCAP 11/70,Edade,JGI
Chlorophyta,Chlorophyceae ,Sphaeropleales ,Scenedesmaceae ,Enallax,Enallax costatus CCAP 276/31 v1.1,Enacos,JGI
Chlorophyta,Chlorophyceae ,Sphaeropleales ,Scenedesmaceae,Flechtneria,Flechtneria rotunda SEV3VF49 v1.1,Flerot,JGI
Chlorophyta,Chlorophyceae ,Chlamydomonadales ,Volvocaceae,Gonium,Gonium pectorale NIES-2863,Gonpec,JGI
Chlorophyta,Chlorophyceae ,Chlamydomonadales,Chlamydomonadaceae,Microglena,Microglena sp. YARC,MicrYARC,JGI
Chlorophyta,Chlorophyceae ,Sphaeropleales ,Selenastraceae,Monoraphidium,Monoraphidium minutum 26B-AM v1.0,Monmin,JGI
Chlorophyta,Chlorophyceae ,Sphaeropleales ,Selenastraceae,Monoraphidium,Monoraphidium neglectum SAG 48.87,Monneg,JGI
Chlorophyta,Chlorophyceae ,Sphaeropleales ,Selenastraceae,Raphidocelis,Raphidocelis subcapitata NIES-35,Rapsub,JGI
Chlorophyta,Chlorophyceae ,Sphaeropleales ,Scenedesmaceae,Tetradesmus,Scenedesmus obliquus UTEX 3031,Sceob152z,JGI
Chlorophyta,Chlorophyceae ,Sphaeropleales ,Scenedesmaceae,Tetradesmus,Scenedesmus obliquus EN0004 v1.0,SceoblEN4,JGI
Chlorophyta,Chlorophyceae ,Sphaeropleales ,Scenedesmaceae,Tetradesmus,Scenedesmus sp. NREL 46B-D3 v1.0,Scesp,JGI
Chlorophyta,Chlorophyceae ,Sphaeropleales ,Scenedesmaceae,Tetradesmus,Tetradesmus deserticola SNI-2 v1.1,TetrdesSNI2,JGI
Chlorophyta,Chlorophyceae ,Sphaeropleales ,Scenedesmaceae,Tetradesmus,Tetradesmus obliquus UTEX 72 v1.1,Tetrobl72,JGI
Chlorophyta,Chlorophyceae ,Sphaeropleales ,Scenedesmaceae,Tetradesmus,Tetrabaena socialis NIES-571,Tetso,JGI
Glaucophyta,Glaucocystophyceae,Glaucocystales,Glaucocystaceae,Cyanophora,Cyanophora sudae,Cyasu,DRR286398 
Glaucophyta,Glaucocystophyceae,Gloeochaetales,Gloeochaetales familia incertae sedis,Cyanoptyche,gloeocystis,Cyago,SRR1300321 
Glaucophyta,Glaucocystophyceae,Gloeochaetales,Gloeochaetaceae,Gloeochaete,wittrockiana,Glowi,SRR1300296 
Glaucophyta,Glaucocystophyceae,-,Cyanophoraceae,Cyanophora,Cyanophora paradoxa CCMP329,Cyapar,
Charophyta,Charophyceae ,Charales   ,Characeae   ,Nitella   ,Nitella flexilis,Nitfl,SRR12975770
Charophyta,Charophyceae ,Charales   ,Characeae,Chara   ,Chara braunii S276,Chabra1,
